env_reset_duration_sec,env_step_duration_sec,episode_duration,episode_length,episode_return,evaluator_episodes,evaluator_steps,select_action_duration_sec,steps_per_second
0.003947019577026367,0.0014070820808410643,4.142141103744507,1000,0.0,1,1000,0.0027065434455871584,241.45361349670472
0.0007584095001220703,0.0010684561729431153,2.304375171661377,1000,0.0,6,6000,0.0012118518352508545,434.1136427971494
0.002450704574584961,0.0005009267330169678,1.6545383930206299,1000,0.0,12,12000,0.0011213560104370117,604.6269783917021
0.0018529891967773438,0.0006814723014831543,2.169257879257202,1000,0.0,18,18000,0.001451315402984619,461.13250287857096
0.0051915645599365234,0.0005428082942962646,1.7370662689208984,1000,0.0,24,24000,0.0011606028079986573,575.8867312627262
0.0018246173858642578,0.0004501960277557373,1.4103245735168457,1000,0.0,31,31000,0.0009338910579681397,709.3417974642784
0.0017361640930175781,0.00044731712341308593,1.4057042598724365,1000,0.0,39,39000,0.0009318506717681885,711.6690330690021
0.0025124549865722656,0.00042151713371276856,1.432502031326294,1000,0.0,47,47000,0.0009839372634887695,698.4124341039679
0.0016558170318603516,0.0004022800922393799,1.3748273849487305,1000,0.0,55,55000,0.0009457261562347412,727.682549376119
0.0007016658782958984,0.000417081356048584,1.3836534023284912,1000,0.0,63,63000,0.0009433019161224365,723.017616114436
0.0014884471893310547,0.0003703470230102539,1.2191245555877686,1000,0.0,71,71000,0.0008253176212310791,820.6378793781057
0.0012052059173583984,0.00040286445617675784,1.4166247844696045,1000,0.0,79,79000,0.0009887900352478027,706.1819271611154
0.0011854171752929688,0.00038690876960754397,1.3141536712646484,1000,0.0,87,87000,0.0009039840698242187,761.2530325857659
0.0020911693572998047,0.00043179583549499514,1.341839075088501,1000,0.0,95,95000,0.0008845412731170654,745.537276739412
0.0011200904846191406,0.0004051780700683594,1.3638720512390137,1000,0.0,103,103000,0.0009330394268035889,733.4861289533943
0.0008282661437988281,0.0004078247547149658,1.3451507091522217,1000,0.0,111,111000,0.0009118649959564209,743.8235113125157
0.003385305404663086,0.00040403270721435546,1.367082118988037,1000,0.0,119,119000,0.0009351267814636231,731.8165322017811
0.0008985996246337891,0.00039601993560791016,1.2888271808624268,1000,0.0,127,127000,0.0008696496486663818,776.2711444061355
0.0015382766723632812,0.00039416909217834475,1.3798115253448486,1000,0.0,135,135000,0.0009609830379486084,725.0051251416112
0.0016093254089355469,0.0005483989715576172,1.588207721710205,1000,0.0,143,143000,0.0010119907855987548,629.8652210150096
0.002352476119995117,0.0004356846809387207,1.4901847839355469,1000,0.0,151,151000,0.001026679277420044,671.3333275712332
0.0028007030487060547,0.0004658541679382324,1.5896995067596436,1000,0.0,159,159000,0.0010926957130432129,629.3078355600073
0.0027663707733154297,0.00039270710945129395,1.3662993907928467,1000,0.0,166,166000,0.000945166826248169,732.1559522286284
0.0035033226013183594,0.00042994046211242674,1.483152151107788,1000,4.0,174,174000,0.0010243103504180909,674.4982556623032
0.0022852420806884766,0.000417574405670166,1.3979034423828125,1000,0.0,182,182000,0.0009542970657348633,715.6202573759933
0.0010290145874023438,0.00040183687210083006,1.311462163925171,1000,0.0,190,190000,0.0008859844207763672,762.896176155493
0.0009267330169677734,0.0003744015693664551,1.2829561233520508,1000,1.0,198,198000,0.0008859400749206543,779.7863681507314
0.0014948844909667969,0.0005061495304107666,1.5539705753326416,1000,0.0,206,206000,0.001021031618118286,643.7535262673535
0.0015239715576171875,0.00047338509559631347,1.6054604053497314,1000,0.0,213,213000,0.0010999889373779297,623.0951590768163
0.0011663436889648438,0.00043754982948303225,1.4801914691925049,1000,0.0,220,220000,0.001016322135925293,675.9022536338393
0.0017213821411132812,0.0004505736827850342,1.4420828819274902,1000,0.0,227,227000,0.0009632835388183594,693.7451351216348
0.0015368461608886719,0.000392500638961792,1.3501214981079102,1000,0.0,235,235000,0.0009307596683502198,740.9631221788602
0.0024878978729248047,0.0004356575012207031,1.3875761032104492,1000,0.0,243,243000,0.0009237771034240722,720.9621482771045
0.001405954360961914,0.0004469046592712402,1.4641382694244385,1000,0.0,251,251000,0.0009891200065612793,683.2799949824753
0.0010058879852294922,0.00039531850814819336,1.339613914489746,1000,976.0,259,259000,0.0009183964729309082,746.7894299030277
0.0018832683563232422,0.00040131545066833497,1.3338050842285156,1000,968.0,267,267000,0.0009037554264068604,750.0425601313856
0.0007455348968505859,0.0004943087100982666,1.588029384613037,1000,8.0,274,274000,0.001065826416015625,629.955376138257
0.0013661384582519531,0.0004388432502746582,1.4809355735778809,1000,0.0,281,281000,0.0010170435905456543,675.509063228316
0.0015947818756103516,0.0005500266551971435,2.0017170906066895,1000,0.0,287,287000,0.0014184489250183105,499.7608018375185
0.0010724067687988281,0.00038601064682006837,1.3114840984344482,1000,0.0,293,293000,0.0008986911773681641,762.8660659607606
0.0006361007690429688,0.0004732942581176758,1.5826263427734375,1000,0.0,300,300000,0.001084571361541748,632.0962886852114
0.0007877349853515625,0.00042972731590270994,1.3770954608917236,1000,0.0,307,307000,0.0009233627319335938,726.4821482636708
0.0014066696166992188,0.0004496405124664307,1.4228250980377197,1000,3.0,315,315000,0.0009469535350799561,703.1038258547775
0.0008952617645263672,0.000460871696472168,1.4338772296905518,1000,0.0,323,323000,0.0009453790187835693,697.7021247432255
0.0009796619415283203,0.0005085358619689942,1.598102331161499,1000,521.0,330,330000,0.0010624151229858398,625.9452670386846
0.00275421142578125,0.0005090391635894776,1.6317870616912842,1000,953.0,337,337000,0.0010878829956054688,613.0979153404428
0.0021605491638183594,0.0004690353870391846,1.5928163528442383,1000,931.0,344,344000,0.0010951733589172363,628.0747639312355
0.001415252685546875,0.00046428728103637697,1.5791232585906982,1000,0.0,351,351000,0.001088897705078125,633.4860245199018
0.0019981861114501953,0.0004547309875488281,1.4400599002838135,1000,0.0,359,359000,0.0009558143615722657,694.6995319316679
0.0011548995971679688,0.00047418403625488283,1.4876234531402588,1000,3.0,367,367000,0.0009830403327941895,672.4980883935788
0.0009043216705322266,0.00043956732749938967,1.4269535541534424,1000,0.0,375,375000,0.0009631526470184326,701.0809972346582
0.0017232894897460938,0.0004310495853424072,1.3728084564208984,1000,0.0,383,383000,0.0009168367385864258,728.7372354262247
0.002102375030517578,0.0004534933567047119,1.5329225063323975,1000,976.0,391,391000,0.0010522613525390625,652.6588083569128
0.0019500255584716797,0.0004084620475769043,1.396937370300293,1000,0.0,399,399000,0.0009611818790435791,716.1481059050618
0.001196146011352539,0.000581179141998291,1.6220369338989258,1000,113.0,407,407000,0.0010128936767578125,616.7149092741965
0.0010523796081542969,0.0005291147232055664,1.5853722095489502,1000,169.0,414,414000,0.0010311133861541748,630.9866613310988
0.0017473697662353516,0.00047964692115783693,1.438506841659546,1000,0.0,421,421000,0.0009316990375518799,695.4092719158248
0.0007772445678710938,0.0005034692287445068,1.5199041366577148,1000,0.0,428,428000,0.0009910812377929687,658.2376297881002
0.0009224414825439453,0.0005112285614013672,1.6246213912963867,1000,0.0,435,435000,0.0010870234966278076,615.7653273200001
0.0011532306671142578,0.00044158291816711427,1.500756025314331,1000,951.0,442,442000,0.0010317339897155762,666.6170792908497
0.0010907649993896484,0.0004985835552215576,1.703805923461914,1000,0.0,449,449000,0.0011791467666625976,587.1326207622149
0.0017647743225097656,0.000419001579284668,1.4649250507354736,1000,101.0,457,457000,0.0010172579288482667,682.9118658164048
0.0027463436126708984,0.0004531805515289307,1.4480533599853516,1000,958.0,465,465000,0.0009666271209716797,690.8548255858004
0.0015869140625,0.00042446112632751464,1.3463966846466064,1000,0.0,473,473000,0.0008954641819000245,743.0180146665448
0.002163410186767578,0.0004101283550262451,1.4021213054656982,1000,964.0,481,481000,0.0009643592834472656,713.5621420964345
0.002122163772583008,0.00041144418716430664,1.3564960956573486,1000,0.0,489,489000,0.0009196405410766601,737.5052992262735
0.0020227432250976562,0.0004208335876464844,1.4118423461914062,1000,7.0,497,497000,0.0009628148078918457,708.5902997741426
0.0011658668518066406,0.0003509540557861328,1.1802661418914795,1000,207.0,505,505000,0.0008064961433410645,847.6780075634722
0.0016052722930908203,0.0005688619613647461,2.004591464996338,1000,0.0,512,512000,0.0014022810459136963,498.9989811355413
0.0010156631469726562,0.00038653206825256346,1.3662233352661133,1000,0.0,519,519000,0.0009565274715423584,732.2709946553679
0.0022330284118652344,0.00041657257080078124,1.4313123226165771,1000,931.0,527,527000,0.000984234094619751,698.9870588443118
0.0009968280792236328,0.0004028158187866211,1.408637523651123,1000,952.0,534,534000,0.0009821479320526122,710.1328820687512
0.0016679763793945312,0.00045739245414733886,1.45253324508667,1000,0.0,542,542000,0.0009686439037322998,688.7277850484325
0.001413106918334961,0.00039668965339660644,1.3884389400482178,1000,990.0,550,550000,0.0009647619724273682,720.5344830814652
0.0011839866638183594,0.0004066767692565918,1.3933861255645752,1000,903.0,558,558000,0.0009627361297607421,718.0178255462977
0.0020275115966796875,0.0003875241279602051,1.3669722080230713,1000,954.0,566,566000,0.00095375657081604,731.795592236899
0.0011258125305175781,0.00040523529052734377,1.407459020614624,1000,966.0,574,574000,0.0009785075187683106,710.7544228292551
0.0010917186737060547,0.0004177820682525635,1.4367001056671143,1000,960.0,582,582000,0.000991858720779419,696.3688342245954
0.001935720443725586,0.000403240442276001,1.4279882907867432,1000,966.0,590,590000,0.0009975593090057373,700.633631584961
0.002678394317626953,0.0004497504234313965,1.405360221862793,1000,965.0,598,598000,0.0009276380538940429,711.8937036767985
0.0011935234069824219,0.000424910306930542,1.420161485671997,1000,7.0,606,606000,0.0009709432125091553,704.4144303465404
0.001092672348022461,0.00041409540176391604,1.3989653587341309,1000,0.0,614,614000,0.0009587783813476562,715.0950151567332
0.001827239990234375,0.00042078065872192384,1.4131150245666504,1000,933.0,622,622000,0.0009658486843109131,708.0404198642093
0.0015802383422851562,0.00037395215034484864,1.288031816482544,1000,979.0,630,630000,0.0008899126052856445,776.7261274027413
0.0015180110931396484,0.0004156131744384766,1.346144199371338,1000,936.0,638,638000,0.0009056689739227295,743.1616454326955
0.002024412155151367,0.00041994452476501465,1.4606366157531738,1000,940.0,646,646000,0.0010133099555969239,684.9180672666859
0.0008769035339355469,0.0005003116130828857,1.5739946365356445,1000,945.0,653,653000,0.0010475518703460694,635.5820761267278
0.0023889541625976562,0.0004986441135406494,1.622971773147583,1000,933.0,660,660000,0.001095522403717041,616.3950673745634
0.000728607177734375,0.00046616125106811523,1.5749850273132324,1000,939.0,667,667000,0.0010839715003967286,635.1334796628918
0.0008378028869628906,0.00046921229362487793,1.570530891418457,1000,8.0,674,674000,0.0010752699375152588,636.9844903847979
0.0015010833740234375,0.00046243977546691896,1.6147239208221436,1000,0.0,681,681000,0.0011225695610046387,619.5335371707951
0.0016531944274902344,0.00045389652252197265,1.5679538249969482,1000,943.0,688,688000,0.00108622407913208,638.0419464679925
0.002405405044555664,0.00044472169876098633,1.5001544952392578,1000,962.0,695,695000,0.0010277907848358155,666.8291487829024
0.002232789993286133,0.00039649581909179685,1.3961842060089111,1000,958.0,702,702000,0.0009720523357391358,716.5126777165162
0.0009636878967285156,0.0004177281856536865,1.4478671550750732,1000,969.0,710,710000,0.0010047876834869385,691.0381939804952
0.001508951187133789,0.0004994723796844482,1.5233054161071777,1000,0.0,717,717000,0.000995849609375,656.6316081486553
0.0008592605590820312,0.00044106340408325194,1.4450016021728516,1000,968.0,724,724000,0.000979283332824707,692.375017539226
0.0010290145874023438,0.0004326627254486084,1.5066006183624268,1000,960.0,731,731000,0.0010469162464141846,664.0332074864714
0.002454996109008789,0.00048491907119750974,1.5596253871917725,1000,105.0,738,738000,0.0010442779064178467,641.4261199942682
0.0018286705017089844,0.0005065429210662841,1.7021839618682861,1000,955.0,745,745000,0.0011649844646453857,587.6997775197729
0.0019123554229736328,0.0005389618873596192,1.8609161376953125,1000,941.0,751,751000,0.0012889823913574219,537.560020942046
0.001611948013305664,0.00040418148040771484,1.3684971332550049,1000,990.0,758,758000,0.0009374680519104004,731.0284078243302
0.0022859573364257812,0.00039745521545410156,1.3738830089569092,1000,981.0,766,766000,0.0009517955780029297,728.1815703901235
0.0020716190338134766,0.0004956724643707276,1.6900105476379395,1000,979.0,773,773000,0.0011658544540405274,591.925557701926
0.0015001296997070312,0.00048744654655456544,1.6631507873535156,1000,988.0,779,779000,0.0011483778953552245,601.4790378811117
0.0029845237731933594,0.00040016937255859375,1.4114677906036377,1000,977.0,786,786000,0.0009831972122192384,708.8248893407493
0.0023660659790039062,0.00048256039619445803,1.5289077758789062,1000,0.0,793,793000,0.0010182151794433593,654.2990132563166
0.0012950897216796875,0.00041943764686584473,1.4475526809692383,1000,978.0,800,800000,0.0010036444664001465,691.0890899869866
0.0016291141510009766,0.0004884140491485595,1.6661741733551025,1000,972.0,807,807000,0.0011464455127716065,600.3985762108806
0.0013294219970703125,0.0004910507202148437,1.6951909065246582,1000,936.0,814,814000,0.0011743106842041016,590.1279066511768
0.0012557506561279297,0.0004787898063659668,1.645885705947876,1000,964.0,821,821000,0.0011381092071533203,607.7889302328008
0.0012047290802001953,0.00045419859886169434,1.467266321182251,1000,911.0,828,828000,0.0009865069389343262,681.8028721424549
0.0009300708770751953,0.00046842694282531736,1.6147089004516602,1000,967.0,835,835000,0.0011188492774963379,619.520451481579
0.0017781257629394531,0.00048691511154174804,1.6542608737945557,1000,961.0,841,841000,0.0011388454437255859,604.7175507628923
0.002065420150756836,0.00038135766983032226,1.3094604015350342,1000,975.0,849,849000,0.0009022786617279053,763.9767187957074
0.0010764598846435547,0.0003961913585662842,1.394719123840332,1000,974.0,857,857000,0.0009726946353912354,717.3192333483776
0.0014653205871582031,0.00043211746215820313,1.4910860061645508,1000,967.0,864,864000,0.001030761480331421,670.9248269942411
0.0022547245025634766,0.00041241455078125,1.4204182624816895,1000,975.0,871,871000,0.0009800443649291993,704.276279279541
0.001646280288696289,0.000450678825378418,1.5133962631225586,1000,956.0,878,878000,0.0010329828262329102,661.0640531574238
0.0015976428985595703,0.0004390707015991211,1.5041515827178955,1000,987.0,884,884000,0.001037332057952881,665.0902706597522
0.0016736984252929688,0.0004416825771331787,1.4298601150512695,1000,965.0,892,892000,0.0009625000953674316,699.6813127565646
0.003047466278076172,0.00045913267135620116,1.5951578617095947,1000,952.0,899,899000,0.0011049122810363769,627.0998435354265
0.0015118122100830078,0.0004575097560882568,1.5598945617675781,1000,972.0,906,906000,0.0010740830898284912,641.3082351372605
0.0009555816650390625,0.00039125370979309083,1.3089640140533447,1000,986.0,913,913000,0.0008943369388580322,764.2931502321231
0.0017082691192626953,0.000424410343170166,1.3553953170776367,1000,972.0,921,921000,0.0009065072536468506,738.1023065169147
0.0017490386962890625,0.00045996928215026855,1.4918272495269775,1000,790.0,928,928000,0.0010041346549987792,670.5743899118644
0.0014154911041259766,0.00040165042877197266,1.314507007598877,1000,960.0,935,935000,0.0008875062465667725,761.0752557056547
0.0012302398681640625,0.0004455153942108154,1.4897136688232422,1000,971.0,942,942000,0.001014106273651123,671.5976572964181
0.0009059906005859375,0.0004707615375518799,1.45914888381958,1000,893.0,949,949000,0.0009629735946655273,685.603692903192
0.004134416580200195,0.00045129060745239256,1.4690206050872803,1000,986.0,956,956000,0.0009854555130004883,681.0332509787722
0.0017049312591552734,0.0004822027683258057,1.4893090724945068,1000,978.0,963,963000,0.0009781885147094726,671.7138174842089
0.002182483673095703,0.0004749886989593506,1.5107285976409912,1000,939.0,970,970000,0.0010076062679290772,662.1786815074036
0.0008878707885742188,0.00047788286209106445,1.531745195388794,1000,975.0,977,977000,0.0010287275314331055,653.0922392448845
0.0021173954010009766,0.0005742099285125733,1.8415424823760986,1000,990.0,984,984000,0.0012371435165405274,543.1937920324659
0.0011262893676757812,0.0005523269176483154,1.7854573726654053,1000,958.0,990,990000,0.0012036752700805664,560.3042148548137
0.0024182796478271484,0.0004409594535827637,1.5091240406036377,1000,956.0,997,997000,0.0010398168563842773,662.9037409937999
0.0009965896606445312,0.0004777820110321045,1.6325230598449707,1000,927.0,1004,1004000,0.0011274235248565673,612.7855733206012
0.0012497901916503906,0.00046721816062927245,1.5102455615997314,1000,931.0,1011,1011000,0.001016904830932617,662.4678661614965
0.0014896392822265625,0.0004157121181488037,1.4149343967437744,1000,968.0,1018,1018000,0.0009750323295593261,707.0236545821134
0.0015723705291748047,0.00041065406799316404,1.396693229675293,1000,956.0,1026,1026000,0.0009602756500244141,716.3017191190708
0.0010867118835449219,0.00044077110290527345,1.5177793502807617,1000,958.0,1034,1034000,0.00105196213722229,659.1405832075599
0.0034008026123046875,0.0004299001693725586,1.4574012756347656,1000,980.0,1041,1041000,0.00099763822555542,686.423112681918
0.0015270709991455078,0.0004009532928466797,1.4026317596435547,1000,983.0,1048,1048000,0.0009748446941375733,713.2231233507698
0.001638650894165039,0.0004764888286590576,1.493438959121704,1000,959.0,1055,1055000,0.000989370346069336,669.8717242308932
0.003090381622314453,0.0004958264827728271,1.6144311428070068,1000,949.0,1062,1062000,0.0010876340866088868,619.6348555833932
0.0017209053039550781,0.000495539665222168,1.5320374965667725,1000,950.0,1069,1069000,0.0010083677768707275,652.9708409091298
0.0013229846954345703,0.00046174192428588865,1.4646811485290527,1000,995.0,1076,1076000,0.0009745950698852539,683.0523288621131
0.0010771751403808594,0.0004543941020965576,1.5838675498962402,1000,995.0,1083,1083000,0.0011036384105682373,631.5772672153693
0.0008246898651123047,0.00043977928161621093,1.503241777420044,1000,739.0,1090,1090000,0.0010380768775939942,665.5518872280742
0.0010786056518554688,0.0005019421577453613,1.6728296279907227,1000,980.0,1097,1097000,0.0011433835029602052,598.0175032197786
0.0009305477142333984,0.0004352612495422363,1.4901924133300781,1000,955.0,1104,1104000,0.001027127742767334,671.4588555545986
0.0018105506896972656,0.00041864395141601564,1.3974170684814453,1000,981.0,1111,1111000,0.0009516320228576661,715.8910490747514
0.0016329288482666016,0.0003645896911621094,1.2765910625457764,1000,978.0,1119,1119000,0.0008870441913604736,783.6833774940728
0.0020341873168945312,0.0004290928840637207,1.3989276885986328,1000,969.0,1127,1127000,0.0009440238475799561,715.1167172076938
0.002307415008544922,0.00042259979248046874,1.4356062412261963,1000,975.0,1135,1135000,0.0009818992614746094,696.8450359869287
0.001636505126953125,0.0004299445152282715,1.4547951221466064,1000,966.0,1143,1143000,0.0009983651638031006,687.6218190164311
0.0023767948150634766,0.00042275333404541014,1.4371020793914795,1000,950.0,1150,1150000,0.0009878625869750976,696.1038271318087
0.001651763916015625,0.00048285675048828126,1.5241124629974365,1000,983.0,1157,1157000,0.0010136175155639649,656.3835480953111
0.0012106895446777344,0.00048435115814208986,1.5292842388153076,1000,969.0,1164,1164000,0.0010186598300933839,654.1724725334541
0.001911163330078125,0.0004905085563659668,1.5772042274475098,1000,965.0,1171,1171000,0.0010566565990447999,634.2534331733751
0.0010912418365478516,0.00045617365837097166,1.5038576126098633,1000,956.0,1178,1178000,0.0010201680660247804,665.2170616919523
0.0009150505065917969,0.00043497967720031736,1.4292359352111816,1000,949.0,1185,1185000,0.0009679408073425293,700.0117828445121
0.002244234085083008,0.0004324777126312256,1.4057948589324951,1000,992.0,1192,1192000,0.0009453606605529785,711.6365521213936
0.0017354488372802734,0.0004359762668609619,1.5561726093292236,1000,963.0,1199,1199000,0.0010903034210205079,642.8273771892517
0.0018362998962402344,0.0004325745105743408,1.5188210010528564,1000,981.0,1206,1206000,0.0010586931705474853,658.6450953262357
0.0009548664093017578,0.00047878360748291015,1.6265928745269775,1000,978.0,1213,1213000,0.0011221466064453125,615.0351258729046
0.002087116241455078,0.00047510313987731936,1.579242467880249,1000,977.0,1220,1220000,0.0010749516487121582,633.4453637848351
0.001554250717163086,0.0004620177745819092,1.6002037525177002,1000,958.0,1227,1227000,0.0011083672046661376,625.2023860310635
0.0008816719055175781,0.0004705400466918945,1.6101579666137695,1000,947.0,1234,1234000,0.001114079475402832,621.2698552356559
0.0020246505737304688,0.000419360876083374,1.44783616065979,1000,933.0,1241,1241000,0.0010002789497375489,690.9573678573918
0.0007832050323486328,0.0004954805374145508,1.629772663116455,1000,985.0,1248,1248000,0.0011084969043731688,613.8304384852278
0.002252340316772461,0.00043082237243652344,1.444918155670166,1000,958.0,1255,1255000,0.0009848051071166992,692.4026777566327
0.0013554096221923828,0.00046215462684631346,1.493596076965332,1000,942.0,1262,1262000,0.0010051684379577637,669.8082880612052
0.001384735107421875,0.0004933011531829834,1.564457654953003,1000,974.0,1269,1269000,0.0010406572818756103,639.4200572478819
0.0018815994262695312,0.0004272611141204834,1.4554834365844727,1000,943.0,1276,1276000,0.0009959726333618165,687.3573435383915
0.001280069351196289,0.00044587302207946776,1.5101940631866455,1000,978.0,1283,1283000,0.0010367953777313233,662.4407672573923
0.0013124942779541016,0.0004535670280456543,1.5605294704437256,1000,975.0,1290,1290000,0.0010776054859161378,641.0569183353597
0.0008084774017333984,0.0004375336170196533,1.5080981254577637,1000,970.0,1297,1297000,0.0010457794666290283,663.3392455972348
0.0014374256134033203,0.0004399144649505615,1.5101141929626465,1000,949.0,1304,1304000,0.0010401363372802735,662.4640993857884
0.0016331672668457031,0.0004720113277435303,1.6028318405151367,1000,974.0,1311,1311000,0.0011028642654418944,624.1262828146621
0.0011150836944580078,0.0004265735149383545,1.4558253288269043,1000,961.0,1318,1318000,0.0010039293766021728,687.2017057882307
